{
  "1.0": {
    "kappa": 1.0,
    "rate": [
      0.3021484375
    ],
    "v1": [
      1.0
    ],
    "v2": [
      0.1794871794871795
    ]
  },
  "1.4384498882876628": {
    "kappa": 1.4384498882876628,
    "rate": [
      0.380224609375
    ],
    "v1": [
      0.8107461970166243
    ],
    "v2": [
      0.21312443691799285
    ]
  },
  "1000.0": {
    "kappa": 1000.0,
    "rate": [
      0.99150390625
    ],
    "v1": [
      0.0019683772233983162
    ],
    "v2": [
      0.7846153846153846
    ]
  },
  "112.88378916846884": {
    "kappa": 112.88378916846884,
    "rate": [
      0.9343750000000001
    ],
    "v1": [
      0.016883553584729875
    ],
    "v2": [
      0.7105063750808465
    ]
  },
  "12.742749857031335": {
    "kappa": 12.742749857031335,
    "rate": [
      0.73759765625
    ],
    "v1": [
      0.1349680675816694
    ],
    "v2": [
      0.4705354906550416
    ]
  },
  "162.3776739188721": {
    "kappa": 162.3776739188721,
    "rate": [
      0.9515136718750001
    ],
    "v1": [
      0.011833671197463359
    ],
    "v2": [
      0.7327271854269722
    ]
  },
  "18.329807108324356": {
    "kappa": 18.329807108324356,
    "rate": [
      0.78203125
    ],
    "v1": [
      0.09636914576633906
    ],
    "v2": [
      0.5224550829449502
    ]
  },
  "2.0691380811147897": {
    "kappa": 2.0691380811147897,
    "rate": [
      0.446875
    ],
    "v1": [
      0.6306042190859724
    ],
    "v2": [
      0.24913925555418484
    ]
  },
  "2.976351441631318": {
    "kappa": 2.976351441631318,
    "rate": [
      0.510986328125
    ],
    "v1": [
      0.4772153532658809
    ],
    "v2": [
      0.2873521968142174
    ]
  },
  "233.57214690901213": {
    "kappa": 233.57214690901213,
    "rate": [
      0.9648437500000001
    ],
    "v1": [
      0.008282529121318905
    ],
    "v2": [
      0.7481146627905639
    ]
  },
  "26.366508987303583": {
    "kappa": 26.366508987303583,
    "rate": [
      0.8207519531249999
    ],
    "v1": [
      0.06846760399256563
    ],
    "v2": [
      0.5694721568464097
    ]
  },
  "335.9818286283781": {
    "kappa": 335.9818286283781,
    "rate": [
      0.9743652343750001
    ],
    "v1": [
      0.005790325209343766
    ],
    "v2": [
      0.7621166903660901
    ]
  },
  "37.926901907322495": {
    "kappa": 37.926901907322495,
    "rate": [
      0.85693359375
    ],
    "v1": [
      0.04845168557588777
    ],
    "v2": [
      0.608715738072595
    ]
  },
  "4.281332398719393": {
    "kappa": 4.281332398719393,
    "rate": [
      0.5719238281250001
    ],
    "v1": [
      0.3542605046495556
    ],
    "v2": [
      0.32758382211655274
    ]
  },
  "483.2930238571752": {
    "kappa": 483.2930238571752,
    "rate": [
      0.9826171875
    ],
    "v1": [
      0.004044155665502773
    ],
    "v2": [
      0.7737417257388837
    ]
  },
  "54.55594781168517": {
    "kappa": 54.55594781168517,
    "rate": [
      0.888671875
    ],
    "v1": [
      0.034177985293811906
    ],
    "v2": [
      0.6461266923867869
    ]
  },
  "6.158482110660264": {
    "kappa": 6.158482110660264,
    "rate": [
      0.6322265625
    ],
    "v1": [
      0.25932345654061467
    ],
    "v2": [
      0.36989159453075476
    ]
  },
  "695.1927961775606": {
    "kappa": 695.1927961775606,
    "rate": [
      0.9883300781250001
    ],
    "v1": [
      0.0028223438287636403
    ],
    "v2": [
      0.7816784100937224
    ]
  },
  "78.47599703514611": {
    "kappa": 78.47599703514611,
    "rate": [
      0.9140625
    ],
    "v1": [
      0.02404704982577502
    ],
    "v2": [
      0.680848224395161
    ]
  },
  "8.858667904100825": {
    "kappa": 8.858667904100825,
    "rate": [
      0.6880859375
    ],
    "v1": [
      0.18784067642961536
    ],
    "v2": [
      0.4181890908819032
    ]
  },
  
  "G_results": {
    "1.0": {
      "G_rate": 0.076171875,
      "v1": 12.130434782608699,
      "v2": 0.0
    },
    "1.6237767391887217": {
      "G_rate": 0.169482421875,
      "v1": 8.18627065676959,
      "v2": 0.025957703631139098
    },
    "2.636650898730358": {
      "G_rate": 0.26787109375,
      "v1": 6.998294845870547,
      "v2": 0.09132825467796502
    },
    "4.281332398719393": {
      "G_rate": 0.365625,
      "v1": 7.72779020899231,
      "v2": 0.17999552003581012
    },
    "6.951927961775605": {
      "G_rate": 0.47353515625000003,
      "v1": 9.536039605215617,
      "v2": 0.2793559090750959
    },
    "11.28837891684689": {
      "G_rate": 0.5706542968750001,
      "v1": 12.33815373150642,
      "v2": 0.38016571370906677
    },
    "18.329807108324356": {
      "G_rate": 0.6525390625,
      "v1": 16.816548205326963,
      "v2": 0.47618751401411785
    },
    "29.76351441631318": {
      "G_rate": 0.7255371093749999,
      "v1": 22.269911714251695,
      "v2": 0.5636804935258175
    },
    "48.32930238571752": {
      "G_rate": 0.78583984375,
      "v1": 29.128214597858733,
      "v2": 0.6408223232277024
    },
    "78.47599703514611": {
      "G_rate": 0.8353515625,
      "v1": 37.12258874650657,
      "v2": 0.7071494608687852
    },
    "127.42749857031335": {
      "G_rate": 0.8753417968750001,
      "v1": 45.90647666185628,
      "v2": 0.7630758832666239
    },
    "206.913808111479": {
      "G_rate": 0.9058105468750001,
      "v1": 55.24013677788442,
      "v2": 0.8095173107234613
    },
    "335.9818286283781": {
      "G_rate": 0.9292968750000001,
      "v1": 65.65902019490758,
      "v2": 0.8476216531452162
    },
    "545.5594781168514": {
      "G_rate": 0.9464355468750001,
      "v1": 77.18590862214079,
      "v2": 0.878590934409365
    },
    "885.8667904100823": {
      "G_rate": 0.9597656250000002,
      "v1": 89.68766214534304,
      "v2": 0.9035740267840093
    }
  }
}
