{
  "1.0": {
    "kappa": 1.0,
    "rate": [
      0.19169921875
    ],
    "v1": [
      1.0
    ],
    "v2": [
      0.10526315789473684
    ]
  },
  "1.4384498882876628": {
    "kappa": 1.4384498882876628,
    "rate": [
      0.265966796875
    ],
    "v1": [
      0.8107461970166243
    ],
    "v2": [
      0.1303234366881424
    ]
  },
  "1000.0": {
    "kappa": 1000.0,
    "rate": [
      0.990234375
    ],
    "v1": [
      0.0019683772233983162
    ],
    "v2": [
      0.724324
    ]
  },
  "112.88378916846884": {
    "kappa": 112.88378916846884,
    "rate": [
      0.92548828125
    ],
    "v1": [
      0.016883553584729875
    ],
    "v2": [
      0.656373983436822
    ]
  },
  "12.742749857031335": {
    "kappa": 12.742749857031335,
    "rate": [
      0.684912109375
    ],
    "v1": [
      0.1349680675816694
    ],
    "v2": [
      0.3987336329567373
    ]
  },
  "162.3776739188721": {
    "kappa": 162.3776739188721,
    "rate": [
      0.945166015625
    ],
    "v1": [
      0.011833671197463359
    ],
    "v2": [
      0.676384205608601
    ]
  },
  "177.82794100389228": {
    "kappa": 177.82794100389228,
    "rate": [
      0.9496093750000001
    ],
    "v1": [
      0.0108251300003784
    ],
    "v2": [
      0.68016679781341
    ]
  },
  "18.329807108324356": {
    "kappa": 18.329807108324356,
    "rate": [
      0.7382324218749999
    ],
    "v1": [
      0.09636914576633906
    ],
    "v2": [
      0.4639908743826782
    ]
  },
  "2.0691380811147897": {
    "kappa": 2.0691380811147897,
    "rate": [
      0.34023437500000003
    ],
    "v1": [
      0.6306042190859724
    ],
    "v2": [
      0.16091992419558335
    ]
  },
  "2.976351441631318": {
    "kappa": 2.976351441631318,
    "rate": [
      0.415771484375
    ],
    "v1": [
      0.4772153532658809
    ],
    "v2": [
      0.19622081929617494
    ]
  },
  "233.57214690901213": {
    "kappa": 233.57214690901213,
    "rate": [
      0.9604003906250002
    ],
    "v1": [
      0.008282529121318905
    ],
    "v2": [
      0.6906110401205029
    ]
  },
  "26.366508987303583": {
    "kappa": 26.366508987303583,
    "rate": [
      0.787109375
    ],
    "v1": [
      0.06846760399256563
    ],
    "v2": [
      0.5203501910147457
    ]
  },
  "31.622776601683793": {
    "kappa": 31.622776601683793,
    "rate": [
      0.809326171875
    ],
    "v1": [
      0.0576221399514641
    ],
    "v2": [
      0.5423307647901779
    ]
  },
  "335.9818286283781": {
    "kappa": 335.9818286283781,
    "rate": [
      0.9718261718750001
    ],
    "v1": [
      0.005790325209343766
    ],
    "v2": [
      0.7035610111272053
    ]
  },
  "37.926901907322495": {
    "kappa": 37.926901907322495,
    "rate": [
      0.8302734374999999
    ],
    "v1": [
      0.04845168557588777
    ],
    "v2": [
      0.5614120366305106
    ]
  },
  "4.281332398719393": {
    "kappa": 4.281332398719393,
    "rate": [
      0.4894042968750001
    ],
    "v1": [
      0.3542605046495556
    ],
    "v2": [
      0.23539432086903245
    ]
  },
  "483.2930238571752": {
    "kappa": 483.2930238571752,
    "rate": [
      0.9800781250000001
    ],
    "v1": [
      0.004044155665502773
    ],
    "v2": [
      0.7142962498607233
    ]
  },
  "5.623413251903491": {
    "kappa": 5.623413251903491,
    "rate": [
      0.5433593750000001
    ],
    "v1": [
      0.28066646107453896
    ],
    "v2": [
      0.26681546468431794
    ]
  },
  "54.55594781168517": {
    "kappa": 54.55594781168517,
    "rate": [
      0.8677246093750001
    ],
    "v1": [
      0.034177985293811906
    ],
    "v2": [
      0.5974860975485492
    ]
  },
  "6.158482110660264": {
    "kappa": 6.158482110660264,
    "rate": [
      0.5604980468750002
    ],
    "v1": [
      0.25932345654061467
    ],
    "v2": [
      0.27816361883233964
    ]
  },
  "695.1927961775606": {
    "kappa": 695.1927961775606,
    "rate": [
      0.985791015625
    ],
    "v1": [
      0.0028223438287636403
    ],
    "v2": [
      0.7216171236940054
    ]
  },
  "78.47599703514611": {
    "kappa": 78.47599703514611,
    "rate": [
      0.90009765625
    ],
    "v1": [
      0.02404704982577502
    ],
    "v2": [
      0.6296073469503956
    ]
  },
  "8.858667904100825": {
    "kappa": 8.858667904100825,
    "rate": [
      0.6258789062499999
    ],
    "v1": [
      0.18784067642961536
    ],
    "v2": [
      0.33373802751419906
    ]
  }
}